id,created_at,favorite_count,retweet_count,text
1324139647111409667,2020-11-05 00:01:07,130958,40293,"Detroit Absentee Ballot Counting Chaos, Blocked Windows and Observers https://t.co/KzIwhbQrDt via @BreitbartNews"
1324139387546984449,2020-11-05 00:00:05,94651,26310,Demands Arise for PA Attorney General to ‘Step Aside‘ https://t.co/jrED09zpK1 via @BreitbartNews
1324130551234727936,2020-11-04 23:24:59,322522,61350,"Our lawyers have asked for “meaningful access”, but what good does that do? The damage has already been done to the integrity of our system, and to the Presidential Election itself. This is what should be discussed!"
1324108206801563650,2020-11-04 21:56:11,0,0,.....there was a large number of secretly dumped ballots as has been widely reported!
1324108200141082624,2020-11-04 21:56:10,265582,60904,"We have claimed, for Electoral Vote purposes, the Commonwealth of Pennsylvania (which won’t allow legal observers) the State of Georgia, and the State of North Carolina, each one of which has a BIG Trump lead. Additionally, we hereby claim the State of Michigan if, in fact,....."
1324061986779504642,2020-11-04 18:52:32,324347,56500,"We are winning Pennsylvania big, but the PA Secretary of State just announced that there are “Millions of ballots left to be counted.”"
1324059767581671425,2020-11-04 18:43:43,349559,68268,"Wow! It looks like Michigan has now found the ballots necessary to keep a wonderful young man, John James, out of the U.S. Senate. What a terrible thing is happening!"
1324033983882166272,2020-11-04 17:01:15,0,0,"They are working hard to make up 500,000 vote advantage in Pennsylvania disappear — ASAP. Likewise, Michigan and others!"
1324032541544927233,2020-11-04 16:55:31,535727,93218,"They are finding Biden votes all over the place — in Pennsylvania, Wisconsin, and Michigan. So bad for our Country!"
1324012341458075648,2020-11-04 15:35:15,148868,41033,WHAT IS THIS ALL ABOUT? https://t.co/6487pYLZnL
1324007806694023169,2020-11-04 15:17:14,492199,81870,How come every time they count Mail-In ballot dumps they are so devastating in their percentage and power of destruction?
1324004491612618752,2020-11-04 15:04:04,0,0,"Last night I was leading, often solidly, in many key States, in almost all instances Democrat run &amp; controlled. Then, one by one, they started to magically disappear as surprise ballot dumps were counted. VERY STRANGE, and the “pollsters” got it completely &amp; historically wrong!"
1323864823680126977,2020-11-04 05:49:04,0,0,"We are up BIG, but they are trying to STEAL the Election. We will never let them do it. Votes cannot be cast after the Polls are closed!"
1323864021167198209,2020-11-04 05:45:53,900296,132760,I will be making a statement tonight. A big WIN!
1323765884268224514,2020-11-03 23:15:55,942939,109109,WE ARE LOOKING REALLY GOOD ALL OVER THE COUNTRY. THANK YOU!
1323725991148167171,2020-11-03 20:37:24,180452,28431,"Get out &amp; VOTE! Under my Administration, our ECONOMY is growing at the fastest rate EVER at 33.1%. Next year will be the GREATEST ECONOMIC YEAR in American History!

Find your polling place below. https://t.co/OODmll3Snt"
1323692020880297986,2020-11-03 18:22:25,133917,24261,https://t.co/zX4bqgtWqH
1323691984989622272,2020-11-03 18:22:16,147932,29186,https://t.co/SMaOF79kPV
1323680963310866435,2020-11-03 17:38:29,502258,85873,"A parade for me in Nigeria, a great honor! https://t.co/EHiSQMFvSZ"
1323669746823372800,2020-11-03 16:53:54,201808,39224,https://t.co/oLOa4kC1i0
1323627228748460033,2020-11-03 14:04:57,131925,19797,https://t.co/gsFSghkmdM
1323534663453913093,2020-11-03 07:57:08,878054,167504,"VOTE! VOTE! VOTE!
https://t.co/85ySh1KYkh"
1323527920200003584,2020-11-03 07:30:20,115806,16506,Thank you Matt! https://t.co/hWiyWpvf8o
1323527405680562177,2020-11-03 07:28:18,118890,16772,Thank you Paris. Keep up the GREAT work! https://t.co/jPT046qOTU
1323520654306615297,2020-11-03 07:01:28,308239,61962,"To all of our supporters: thank you from the bottom of my heart. You have been there from the beginning, and I will never let you down. Your hopes are my hopes, your dreams are my dreams, and your future is what I am fighting for every single day! https://t.co/gsFSghkmdM https://t.co/fLek4keQ1t"
1323520310713352192,2020-11-03 07:00:06,51859,7405,Thank you Brad! https://t.co/Rdcp9D76Ol
1323515992069173248,2020-11-03 06:42:56,61392,9337,https://t.co/hLuyRy0WNU
1323515783947915270,2020-11-03 06:42:07,47636,7657,https://t.co/tyZW5hYRIY
1323515749164527618,2020-11-03 06:41:58,49189,7736,https://t.co/mpusBndpcH
1323513166672891904,2020-11-03 06:31:43,75417,12572,"THANK YOU MICHIGAN!
https://t.co/uKkJz6ioO2"
1323481349030879232,2020-11-03 04:25:17,238909,39783,"Our prayers are with the people of Vienna after yet another vile act of terrorism in Europe. These evil attacks against innocent people must stop. The U.S. stands with Austria, France, and all of Europe in the fight against terrorists, including radical Islamic terrorists."
1323475722032336896,2020-11-03 04:02:55,106549,18187,"Heading to GRAND RAPIDS, MICHIGAN after a great evening in KENOSHA, WISCONSIN! Get out and VOTE tomorrow, let’s MAKE AMERICA GREAT AGAIN! https://t.co/k6vyL1hLqL"
1323471421721464832,2020-11-03 03:45:50,77009,17084,"A vote for Sleepy Joe Biden is a vote to give control of government over to Globalists, Communists, Socialists, and Wealthy Liberal Hypocrites who want to silence, censor, cancel, and punish you. Get out and VOTE #MAGA tomorrow! https://t.co/gsFSghkmdM"
1323470806240927745,2020-11-03 03:43:23,69182,14436,"Biden has vowed to ABOLISH the American oil and natural gas industries, and BAN fracking. As long as I am President, we will remain the number one producer of oil and natural gas on earth – and we will remain Energy Independent! https://t.co/gsFSghkmdM https://t.co/v1RYeAvhC4"
1323469256667942913,2020-11-03 03:37:14,96949,18694,"A vote for me and the Republican Party is a vote for the American Dream! Over the next four years, we will make America into the Manufacturing Superpower of the World, and we will end our reliance on China once and for all. https://t.co/gsFSghkmdM https://t.co/S7PAIqWd0y"
1323468357312667649,2020-11-03 03:33:39,92179,16893,"I am asking you to go VOTE for your favorite president, we still have work to do! Let’s WIN, WIN, WIN! https://t.co/ysLmOS689V"
1323468022674239489,2020-11-03 03:32:20,46092,7678,https://t.co/hIQJEO7JOY
1323467986716495873,2020-11-03 03:32:11,44025,7284,https://t.co/JXkiePOLMb
1323467626786508800,2020-11-03 03:30:45,58844,9418,"THANK YOU WISCONSIN! 
https://t.co/oqG7u6KAiq"
1323440225134301197,2020-11-03 01:41:52,56549,12087,https://t.co/fKMVDC5vXT
1323430341512622080,2020-11-03 01:02:36,0,0,The Supreme Court decision on voting in Pennsylvania is a VERY dangerous one. It will allow rampant and unchecked cheating and will undermine our entire systems of laws. It will also induce violence in the streets. Something must be done!
1323427944447070209,2020-11-03 00:53:04,78951,14273,https://t.co/gsFSghkmdM https://t.co/09vZvRrS1V
1323426413286952960,2020-11-03 00:46:59,85539,18642,"THANK YOU MICHIGAN! Tomorrow, you have the power, with your vote, to save AMERICA! So get your friends, get your family, get your neighbors and co-workers, and GET OUT AND VOTE! Together, WE will MAKE AMERICA GREAT AGAIN! https://t.co/r51nIlOrKx"
1323425512933523456,2020-11-03 00:43:24,75978,16462,"Over the next 4 years, we will teach our children to love our Country, honor our history, and always respect our great American Flag—and with God’s help, we will defend the right to life, religious liberty, and the right to KEEP AND BEAR ARMS! https://t.co/gsFSghkmdM"
1323425208255086592,2020-11-03 00:42:12,185375,38759,"For 47 years, Joe Biden viciously attacked Black Americans. He called young black men “super predators.” To every black American: I am asking for your vote. This is your one and only chance to show Sleepy Joe what you think of his decision to attack you, jail you, and betray you!"
1323424836077670400,2020-11-03 00:40:43,133423,28001,"Joe Biden would increase refugees from terrorist nations by 700%. His plan would overwhelm your communities and turn Michigan, Minnesota, Wisconsin and the entire Midwest into a refugee camp. I am protecting your families and keeping Radical Islamic Terrorists OUT of our Country!"
1323424722911170560,2020-11-03 00:40:16,112690,22997,A vote for Joe Biden is a vote to extinguish and eradicate your state’s auto industry. Biden is a corrupt politician who SOLD OUT Michigan to CHINA. Biden is the living embodiment of the decrepit and depraved political class that got rich bleeding America Dry!
1323423893831536641,2020-11-03 00:36:58,90837,17425,I just signed an executive order to teach our students PRO-AMERICAN Values! https://t.co/WjPo7Qgooz
1323422929850372098,2020-11-03 00:33:09,45866,9861,"Sleepy Joe Biden has vowed to ABOLISH the American oil and natural gas industries, and BAN fracking. Biden’s energy ban will send every state into crushing poverty, from Michigan, to Wisconsin to Arizona to Pennsylvania. https://t.co/gsFSghkmdM"
1323422500626288641,2020-11-03 00:31:26,43539,7573,https://t.co/yxoigJdsMz
1323394390446977024,2020-11-02 22:39:44,224038,22037,"Just landed in Traverse City, Michigan. Big crowd!"
1323390619570626560,2020-11-02 22:24:45,87725,18149,"¡Mi #AmericanDreamPlan es una promesa para los hispanoamericanos de impulsar una economía próspera, proveer oportunidades de educación para todos, preservar la libertad y apoyar la fe, la familia y la comunidad! https://t.co/RSuEyIFQ0W"
1323390300505690112,2020-11-02 22:23:29,69338,13590,"My #AmericanDreamPlan is a promise to Hispanic Americans to fuel a thriving economy, provide education opportunity for all, preserve freedom, and support faith, family, and community! 
https://t.co/5VPkbZPavC"
1323387597796900866,2020-11-02 22:12:45,146690,26074,"As Christians throughout this great Country celebrate All Souls Day, let’s remember those who went before us and built this great nation. May their legacy inspire us as we keep our nation what it has always been: blessed and great!"
1323381654451376133,2020-11-02 21:49:08,69049,15001,"For years you had a President who apologized for America – now you have a President who is standing up for America, and standing up for PENNSYLVANIA. Tomorrow, you have the power, with your vote, to save AMERICA! GET OUT AND VOTE!! #MAGA https://t.co/Sx0PBaplkJ"
1323380988379078657,2020-11-02 21:46:29,67489,13855,"With your VOTE, we will continue to cut your taxes and regs, support our police, support our military, protect your 2A, defend religious liberty &amp; ensure more products are proudly stamped MADE IN THE USA! Next year will be the greatest economic year in the history of our Country! https://t.co/xiOTYudYic"
1323377681996697601,2020-11-02 21:33:21,48384,9701,"...no future for America’s youth. A vote for Biden is a vote for Lockdowns, Layoffs and Misery. Get out and VOTE tomorrow! https://t.co/gsFSghkmdM"
1323377677974294530,2020-11-02 21:33:20,121372,28829,"Joe Biden is promising to delay the vaccine and turn America into a prison state—locking you in your home while letting far-left rioters roam free. The Biden Lockdown will mean no school, no graduations, no weddings, no Thanksgiving, no Christmas, no Fourth of July, and..."
1323376918620758022,2020-11-02 21:30:19,63299,13030,"If I don’t sound like a typical Washington politician, it’s because I’m NOT a politician. If I don’t always play by the rules of the Washington Establishment, it’s because I was elected to fight for YOU, harder than anyone ever has before! https://t.co/gsFSghkmdM https://t.co/eVdVbUUwPM"
1323375536488521738,2020-11-02 21:24:49,53526,10179,"Yesterday, I was thrilled to be endorsed by the Pittsburgh Post-Gazette, the first time the paper has endorsed a Republican for president in half a century. Thank you! #MAGA https://t.co/hwwazi2SQY"
1323375343571509249,2020-11-02 21:24:03,51770,10649,...He was a cheerleader for NAFTA and China’s entry into the WTO. Pennsylvania lost half of its manufacturing jobs after those Biden Calamities. Joe Biden is a corrupt politician who SOLD OUT Pennsylvania to CHINA!
1323375339540762625,2020-11-02 21:24:02,110824,24447,"Joe Biden is a globalist who spent 47 years outsourcing your jobs, opening your borders, and sacrificing American blood and treasure in endless foreign wars. He shuttered your steel mills, annihilated your coal jobs, and supported every disastrous trade deal for half a century..."
1323374386980753408,2020-11-02 21:20:15,40132,8745,"Joe Biden’s plan to BAN FRACKING is an Economic DEATH SENTENCE for Pennsylvania. A vote for Biden is a vote to Ban Fracking, Outlaw Mining, explode energy costs, and totally DESTROY Pennsylvania. Get out tomorrow and VOTE #TrumpPence2020! https://t.co/niFJw558En"
1323373963725152258,2020-11-02 21:18:34,37217,6720,https://t.co/cnRzJEwXKO
1323373698376716290,2020-11-02 21:17:31,55265,9674,"THANK YOU PENNSYLVANIA!
https://t.co/pI55IZbmJ1"
1323346474348896256,2020-11-02 19:29:20,103688,19406,"I gave Maine everything that Obama/Biden took away from it. 5000 square miles, Lobster, Fishing, ended tariffs from China and E.U. and much more. Vote Trump Maine!"
1323345318528741377,2020-11-02 19:24:45,146508,13754,"Landing in Scranton, Pennsylvania!"
1323344710023471116,2020-11-02 19:22:20,264486,54562,"Just signed an order to establish the 1776 Commission. We will stop the radical indoctrination of our students, and restore PATRIOTIC EDUCATION to our schools!"
1323342308922843143,2020-11-02 19:12:47,60167,13573,"Joe Biden is bought and paid for by Big Tech, Big Media, Big Donors, and powerful special interests. They are desperate for him to win because they own him, they control him, and they know he will always do their bidding! https://t.co/gsFSghkmdM https://t.co/7zJvOFACWz"
1323340413579726848,2020-11-02 19:05:15,131947,32015,"The Depraved Swamp have been trying to stop me – because they know I don’t answer to THEM – I answer only to YOU. Together, we will defeat the corrupt establishment, we will DETHRONE the failed political class, we will drain the Washington Swamp &amp; we will SAVE THE AMERICAN DREAM!"
1323336076568588288,2020-11-02 18:48:01,137360,22592,Biden will RAISE YOUR TAXES (Biggest increase ever!).
1323335185035747330,2020-11-02 18:44:29,108669,18625,Biden NEVER named his list of Supreme Court Justices. Never even said whether or not he was going to Pack the Court. So how do you vote for this guy?
1323334544272084998,2020-11-02 18:41:56,92512,21864,"MAKE AMERICA GREAT AGAIN!
https://t.co/gsFSghkmdM https://t.co/390duZCB6P"
1323332899471413248,2020-11-02 18:35:24,289807,30365,We have more Cases because we have more Testing!
1323330829557374976,2020-11-02 18:27:10,40078,7524,https://t.co/RkRbEQcLpW
1323330770199408640,2020-11-02 18:26:56,166807,26871,Biden can never negotiate with China. They would own the U.S. if he were ever President!
1323330751128084483,2020-11-02 18:26:52,33587,5994,https://t.co/JNQQOwmP7B
1323330683197116418,2020-11-02 18:26:35,35957,6184,https://t.co/zvfI1eOKj6
1323330601953431554,2020-11-02 18:26:16,45711,9511,"...our noble history, heritage &amp; heroes; and ANTIFA, the rioters, looters, Marxists, &amp; left-wing extremists. THEY ALL SUPPORT JOE BIDEN!"
1323330597813735425,2020-11-02 18:26:15,48951,9674,"...that killed our fellow citizens with illegal drugs, gangs &amp; crime; The far-left Democrats that ruined our public schools, depleted our inner cities, defunded our police, &amp; demeaned your sacred faith &amp; values; The Anti-American radicals defaming..."
1323330590867861505,2020-11-02 18:26:13,74874,17817,Every corrupt force in American life that betrayed you and hurt your are supporting Joe Biden: The failed establishment that started the disastrous foreign wars; The career politicians that offshored your industries &amp; decimated your factories; The open borders lobbyists...
1323329590174035975,2020-11-02 18:22:15,43554,7590,"THANK YOU NORTH CAROLINA!
https://t.co/zeRFGhMQqd"
1323328330821558277,2020-11-02 18:17:14,160863,21950,I PREPAID Millions of Dollars in FEDERAL INCOME TAXES!
1323327227358973952,2020-11-02 18:12:51,126957,16652,“No President in history has done more for OHIO than President Trump.”
1323326204384964608,2020-11-02 18:08:47,93631,16946,Biden was a pathetic laughing stock all over Washington for the horrible way he handled the H1N1 Swine Flu. Even his own Chief of Staff said he didn’t know what he was doing!
1323304926005452801,2020-11-02 16:44:14,129783,23824,"Texas, Pennsylvania:
 Biden is against Second Amendment and Fracking. Please remember!"
1323303465469108224,2020-11-02 16:38:26,158049,14644,Landing in North Carolina. See you soon!
1323299035697078272,2020-11-02 16:20:50,55652,8594,"On my way to North Carolina. Big crowds, see you in a little while! https://t.co/gsFSghkmdM"
1323296508654080000,2020-11-02 16:10:47,43932,8687,"West Virginia, Get Out and Vote for Patrick Morrisey for Attorney General! He has my Complete and Total Endorsement! https://t.co/paz9zrmeFJ"
1323283153805484032,2020-11-02 15:17:43,94876,22635,"This story is FALSE. They did nothing wrong. But the ANTIFA Anarchists, Rioters and Looters, who have caused so much harm and destruction in Democrat run cities, are being seriously looked at! https://t.co/3pmbMllPWS"
1323266453576056836,2020-11-02 14:11:22,77865,16987,"Good Morning! Let’s #MAGA! 
https://t.co/gsFSghkmdM https://t.co/MF4A9aDG0R"
1323251437883805696,2020-11-02 13:11:42,81595,16117,"As long as I’m in office, NEBRASKA, MICHIGAN, MINNESOTA, and OHIO will bounce back Bigger and Better than ever before! Early Vote polls close today in these Great States and we need YOU to get out and VOTE! Together, we’ll MAKE AMERICA GREAT AGAIN!! https://t.co/7KiL8PyWqG"
1323155810910982145,2020-11-02 06:51:43,96861,17179,...As I said at the debate – “Will you remember that Texas?Pennsylvania? Ohio? New Mexico?” I will always protect American Energy and American Jobs! Get out and VOTE #MAGA!
1323155809682051073,2020-11-02 06:51:42,174646,39901,"Just learned that Sleepy Joe Biden is campaigning in Pennsylvania with Lady Gaga, a proud member of “Artists Against Fracking.” This is more proof that he would ban Fracking and skyrocket your energy prices..."
1323151837449650176,2020-11-02 06:35:55,46514,9689,"If you need information on how or where to VOTE, click below! #MAGA https://t.co/gsFSghkmdM"
1323149317394366465,2020-11-02 06:25:54,129938,24137,https://t.co/UELIArQgDG
1323143751250907136,2020-11-02 06:03:47,65030,13690,"For 47 years, Sleepy Joe Biden betrayed Hispanic-Americans. Now he wants to close your small businesses, eliminate school choice, and attack our Hispanic Law Enforcement Heroes. I will always stand with the incredible Hispanic-American community! https://t.co/4KMnlRkg7c"
1323143378750590982,2020-11-02 06:02:18,43861,7626,https://t.co/HkA8VQveK8
1323143076605579268,2020-11-02 06:01:06,55139,10114,"Under my leadership, our ECONOMY is now growing at the fastest rate EVER recorded—33.1%! #MAGA https://t.co/r80uItcwGn"
1323141683014520837,2020-11-02 05:55:34,56363,9659,"Thank you Florida! #MAGA 
https://t.co/eRiIiumNIR"
1323118772480176128,2020-11-02 04:24:32,357408,49437,MAKE AMERICA GREAT AGAIN!
1323118334368387072,2020-11-02 04:22:47,133376,13027,Getting ready to land in the Great State of Florida. See you soon!
1323117914367488000,2020-11-02 04:21:07,155775,24650,Biden will repeal your Second Amendment and Pack the Court!
1323117111732957184,2020-11-02 04:17:56,140109,22322,"Remember, Third Quarter GDP is the biggest in U.S. history, by far. Next year will be our best ever!"
1323116787609849857,2020-11-02 04:16:39,41152,7520,https://t.co/br2k4cuC3F
1323116444201164802,2020-11-02 04:15:17,47409,9828,"Joe Biden is a corrupt politician who is bought and paid for by China! In 2016, Georgia voted to FIRE this corrupt political establishment and you elected an outsider as President who is finally putting AMERICA FIRST!
https://t.co/vPCsZmKSOX"
1323115304281657344,2020-11-02 04:10:45,43441,7423,https://t.co/Zh8KZ5v2sI
1323106009381019648,2020-11-02 03:33:49,62560,10610,"Thank you Georgia! #MAGA
https://t.co/q6cbQQ0RRh"
1323105800546623489,2020-11-02 03:32:59,49303,8819,https://t.co/NphLmt3evH
1323105759304028161,2020-11-02 03:32:49,39829,6720,https://t.co/kKYQ9FCNLl
1323105723534987264,2020-11-02 03:32:41,37340,6298,https://t.co/x6PBOixVOf
1323072051402350592,2020-11-02 01:18:53,116312,28964,"In my opinion, these patriots did nothing wrong. Instead, the FBI &amp; Justice should be investigating the terrorists, anarchists, and agitators of ANTIFA, who run around burning down our Democrat run cities and hurting our people! https://t.co/of6Lna3HMU"
1323065461085450243,2020-11-02 00:52:41,73630,12886,"Thank you North Carolina! 
https://t.co/rOjbbWyDV2"
1323031125611237377,2020-11-01 22:36:15,58707,13149,"People are forgetting that if Sleepy Joe Biden and the Radical Left Dems win, you will vey quickly lose your Second Amendment! https://t.co/gsFSghkmdM"
1323030938952060928,2020-11-01 22:35:31,203528,48048,"Joe Biden is the candidate of rioters, looters, arsonists, gun-grabbers, flag-burners, Marxists, lobbyists, and special interests. I am the candidate of farmers, factory workers, police officers, and hard-working, law-abiding patriots of every race, religion and creed! #MAGA"
1323030825072472065,2020-11-01 22:35:04,134826,31157,"Biden will terminate school choice, eliminate charter schools, defund religious schools, ban prayer in public schools, indoctrinate your children with Anti-American lies, and force you to subsidize extreme late-term abortion. We believe that every child is a Sacred Gift from God!"
1323030714330292226,2020-11-01 22:34:37,110430,24743,"For decades, Joe Biden let other countries rip you off and cheat America blind! The only people who’ve benefited from his policies are himself &amp; his family. He shows up every 4 years, and then goes back to D.C. and caters to his special interests. My only special interest is YOU."
1323030610307371008,2020-11-01 22:34:12,41182,7717,https://t.co/kKpYf6l0S1
1323030575410778118,2020-11-01 22:34:04,39873,6883,https://t.co/pHQwes68K3
1323030544012161025,2020-11-01 22:33:57,36912,6496,https://t.co/PRSxtZNspW
1323030492036374528,2020-11-01 22:33:44,49533,8278,https://t.co/aJCL8ocG8c
1323021747248005120,2020-11-01 21:58:59,99672,18409,"Pennsylvania: Biden said that he doesn’t want Fracking. Besides, and more importantly, his handlers won’t allow Fracking. That would be the end of Pennsylvania!"
1323020254054789120,2020-11-01 21:53:03,136034,23738,"Biden did a very POOR job of handling H1N1 Swine Flu, yet all he talks about is Covid, Covid, Covid, like he would actually know what he is doing. He doesn’t. Plus, he would be TERRIBLE with the Economy!"
1323017145563820033,2020-11-01 21:40:42,184884,17078,Thank you Iowa!
1322982389656608769,2020-11-01 19:22:36,151678,18292,"Michigan was GREAT! Landing now in Dubuque, Iowa. See you soon."
1322981893357236224,2020-11-01 19:20:37,126155,21648,"Chris Wallace of @FoxNews, by far the lowest rated of the Sunday morning news programs, can’t get over his poor debate performance, probably even worse than Sleepy Joe’s. His show is a total “hit job” on your favorite President, me!"
1322978858610565120,2020-11-01 19:08:34,213132,33701,Biden is a proven Castro puppet! Vote TRUMP
1322956410251022336,2020-11-01 17:39:22,55442,10523,https://t.co/zKOgbNmRqL
1322955809794478095,2020-11-01 17:36:59,49046,9084,https://t.co/WbWgZstbps
1322955424807718912,2020-11-01 17:35:27,56817,11879,"Under my leadership, our ECONOMY is now growing at the fastest rate EVER recorded—33.1%! While foreign nations are in freefall, we are creating the world’s greatest ECONOMIC POWERHOUSE! Get out and VOTE on November 3rd, so we can keep it going! #MAGA https://t.co/LMtLmbruru"
1322954744374173696,2020-11-01 17:32:45,78035,26810,"You don’t have to take my word on Biden’s 47 years of treachery and betrayal. We have it on tape, watch! https://t.co/rQUAZt7EqX"
1322954692176039943,2020-11-01 17:32:32,57923,13167,I am standing up to the global special interests who got rich bleeding America Dry. The corrupt establishment hates me because I don’t answer to THEM – I answer to YOU! https://t.co/jVsBVaqs2R
1322954601117683712,2020-11-01 17:32:10,46556,8507,"Over the last 4 years, I have fought for Michigan like no one ever has! https://t.co/yYgb3OLeuy"
1322954356241633283,2020-11-01 17:31:12,56975,9813,"THANK YOU MICHIGAN!
https://t.co/OsZuEqrWv1"
1322934473437175810,2020-11-01 16:12:12,71017,22835,WATCH: Antifa Shouts ‘Death to Your f**king Empire‘ While Burning U.S. Flag https://t.co/OPO3vE5asK via @BreitbartNews These are Criminal Anarchists and must be brought to Justice! Biden fears them. @FBI
1322932770121916416,2020-11-01 16:05:25,56773,12402,GOP Rep. Jordan: Trump Winning Margin ‘Is Going to Be So Strong‘ -- ‘It‘s Going to Be a No-Doubter‘ https://t.co/o3iCRi4ROc via @BreitbartNews
1322930983725899778,2020-11-01 15:58:20,53546,11190,Report: Democrats Growing More Anxious in Pennsylvania https://t.co/xRDgViR47O via @BreitbartNews  Biden would kill Fracking and our great 2nd Amendment. No wonder he’s losing Pennsylvania!
1322926715576979461,2020-11-01 15:41:22,79712,17537,Being restored immediately. @Facebook stated that they made an “enforcement error”. Thank you! https://t.co/EJDJ0ztbT2
1322925071674073091,2020-11-01 15:34:50,144026,25140,"Joe Biden constantly used the term “Super Predator” when referring to young Black Men, according to my sources."
1322920435739168770,2020-11-01 15:16:25,89305,24308,https://t.co/gsFSghkmdM https://t.co/zX4bqgtWqH
1322919071042686976,2020-11-01 15:10:59,54593,11279,"WISCONSIN! Vote to defend your family, your Country, and the American Way of Life. Get out and VOTE TODAY before In-Person Absentee Voting ends. Your vote will MAKE AMERICA GREAT AGAIN! https://t.co/1ZHvrX3Hgk"
1322915723249963010,2020-11-01 14:57:41,78599,15648,https://t.co/gsFSghkmdM https://t.co/EBtsPQznVV
1322899821267689472,2020-11-01 13:54:30,114888,13827,"....all I needed, everything went swimmingly from there. He was so highly regarded &amp; respected in Scotland and beyond that years of future turmoil was avoided. Sean was a great actor and an even greater man. Sincere condolences to his family!"
1322899819661303808,2020-11-01 13:54:29,152416,21160,"The legendary actor, 007 Sean Connery, has past on to even greener fairways. He was quite a guy, and a tough character. I was having a very hard time getting approvals for a big development in Scotland when Sean stepped in and shouted,“Let him build the damn thing”. That was...."
1322892481751646212,2020-11-01 13:25:20,222333,40239,"Biden wants to LOCKDOWN our Country, maybe for years. Crazy! There will be NO LOCKDOWNS. The great American Comeback is underway!!!"
1322885492933799936,2020-11-01 12:57:34,182497,30360,"Joe Biden called Black Youth SUPER PREDATORS. They will NEVER like him, or vote for him. They are voting for “TRUMP”."
1322868388155318272,2020-11-01 11:49:36,76552,13016,"...The place was a mess and would have lost much more business if I hadn’t come along. Many new plants are starting. Foreign countries and companies now treat the USA, and Michigan, with respect. Big jobs plans. Please remember this when you go to cast your very important vote!"
1322868385361891328,2020-11-01 11:49:35,126517,23122,"When I originally became your all time favorite President, the Great State of Michigan was hemorrhaging car companies and jobs. Plants were closing and moving to Mexico, and other places. No new plants for decades. I stopped the moves, &amp; now many plants are and have been built..."
1322864490929627140,2020-11-01 11:34:06,231338,39473,Our numbers are looking VERY good all over. Sleepy Joe is already beginning to pull out of certain states. The Radical Left is going down!
1322862672287830017,2020-11-01 11:26:53,110429,20447,"People have long been voting but Joe Biden has still not released his Supreme Court List of Radical Left Judges that he would like to put on the Court. Also, is he going to Court Pack? He thinks he can bluff his way through these two important questions. Can only vote against!!!"
1322762168304050176,2020-11-01 04:47:31,127495,34944,.@Facebook  Put them back NOW! https://t.co/eLgs5viXKp
1322758350749184000,2020-11-01 04:32:21,58152,16175,https://t.co/2g9JKRGZj6
1322753123123929090,2020-11-01 04:11:34,62697,14770,https://t.co/jbTqhBQtmy
1322748328308858880,2020-11-01 03:52:31,72914,15215,Great people with unlimited potential. WIN!!! https://t.co/66iXZmwSuL
1322747312213544960,2020-11-01 03:48:29,132923,29200,Go Joe!!! https://t.co/wOhVdHMUJR
1322746973443760128,2020-11-01 03:47:08,81913,17970,Trump Supporters Fill Streets of Beverly Hills: ‘The Silent Majority is Silenced No More‘ https://t.co/YKfqBM1Fbo via @BreitbartNews Thank you!
1322731939825033218,2020-11-01 02:47:24,64502,16184,https://t.co/6jKLxRTIPJ
1322722433921617920,2020-11-01 02:09:37,77082,16932,"Joe Biden has been a disaster for African Americans and Hispanic Americans—I am fighting for citizens of every race, color and creed. We achieved record low unemployment rates. I signed landmark Criminal Justice Reform, and we will deliver School Choice! https://t.co/gsFSghkmdM https://t.co/o6bZkdj4Fg"
1322721970685923329,2020-11-01 02:07:47,60643,14458,"Joe Biden has vowed to ABOLISH American Oil and Natural Gas. Today I signed an order to strongly protect Pennsylvania's energy &amp; fracking industry. If Biden &amp; Harris get in, they will terminate this order and implement the Green New Deal. Get out and VOTE! https://t.co/gsFSghkmdM https://t.co/VJMr2IeIgo"
1322721277875048448,2020-11-01 02:05:02,68210,13041,"Thank you Pennsylvania! With your vote, we will continue to support our Military, Veterans and our Police Officers. Biden and Harris would pass legislation to slash police funding all across America. They stand with the rioters – we stand with the HEROES of Law Enforcement! #MAGA https://t.co/qqTZPLqzFV"
1322720031508176899,2020-11-01 02:00:05,64147,11702,"Thank you Montoursville, Pennsylvania! https://t.co/mvOazHnkoL"
1322702737029558272,2020-11-01 00:51:21,47063,9952,Thank you @albertmohler for your vote of confidence. You and I agree we can never compromise on Religious Liberty. #BeliversandBallots get to the polls and vote to protect Religious Liberty! https://t.co/MiucOF3KIs
1322700188624932869,2020-11-01 00:41:14,350643,57164,I LOVE TEXAS! https://t.co/EP7P3AvE8L
1322693185663987713,2020-11-01 00:13:24,71505,16784,"A vote for Biden and Harris is a vote to Ban Fracking, Ban Mining, and Completely Destroy Pennsylvania. A vote for me is a vote to remain ENERGY INDEPENDENT! Let’s WIN PENNSYLVANIA, get out and VOTE!
https://t.co/aR8iwO6Gvl"
1322687937570635777,2020-10-31 23:52:33,87196,18922,"Over the next 4 years, we will make America into the Manufacturing Superpower of the World &amp; end our reliance on China. We will end surprise medical billing, require price transparency, lower drug prices even more, and we will always protect patients with pre-existing conditions! https://t.co/rXDakq3lp1"
1322687671072862212,2020-10-31 23:51:29,144397,32070,"For the last 4 years you have seen me fight for you - and now I am relying on YOU to deliver another historic victory for our Country. A vote for me and the Republican Party is a vote for the American Dream! Get out and VOTE!
#Election2020 #MAGA🇺🇸 https://t.co/5EyXIHjfib"
1322686763484282881,2020-10-31 23:47:53,53777,9863,"Thank you Butler, Pennsylvania!
https://t.co/4bjYabvV6g"
1322661450540814336,2020-10-31 22:07:18,214752,43312,"Just signed an order to protect fracking and the oil and gas industry. This means JOBS, low energy bills, and continued AMERICAN ENERGY INDEPENDENCE! Sleepy Joe would BAN fracking and destroy American energy jobs! He has NO clue!!"
1322656588285407234,2020-10-31 21:47:59,90723,15583,"Thank you to the wonderful @RJHarrisWHP580 for the nice words on @FoxNews. Tremendous enthusiasm in Pennsylvania, and everywhere else. The Great Red Wave is coming!"
1322653650200588289,2020-10-31 21:36:18,85925,19528,"We are ONE movement, ONE people, ONE family, and ONE GLORIOUS NATION UNDER GOD! Together with the incredible people of Pennsylvania, we will MAKE AMERICA GREAT AGAIN! 

#ElectionDay #MAGA🇺🇸 
https://t.co/gsFSgh2KPc https://t.co/7EwfCm23U7"
1322652327367507968,2020-10-31 21:31:03,104920,24712,"Over the next four years, we will stop the radical indoctrination of our students, and restore PATRIOTIC EDUCATION to our schools. We will teach our children to love our Country, honor our history, and always respect our great American Flag. https://t.co/gsFSgh2KPc https://t.co/RcQg0Vtk7V"
1322651141134430208,2020-10-31 21:26:20,62500,14254,"We invested $2.5 TRILLION in the Military and we saved the Philly Shipyard. We passed VA Choice and VA Accountability. Al-Baghdadi and Soleimani are DEAD. I withdrew from the disastrous Iran Nuclear Deal—and instead of endless war, we are forging PEACE in the Middle East! https://t.co/Yz3ry24XHp"
1322644210659385345,2020-10-31 20:58:48,39096,7455,https://t.co/cb16JyPTPL
1322644162836004866,2020-10-31 20:58:36,33883,6400,https://t.co/pMV1Lker22
1322644120888766464,2020-10-31 20:58:26,33103,6140,https://t.co/rlPJbzLvss
1322644036994232320,2020-10-31 20:58:06,34179,6367,https://t.co/vaf3BrSE6Q
1322643687923281920,2020-10-31 20:56:43,54940,12849,"3 days from now, we are going to win Pennsylvania! With your support, we will continue to bring back your jobs, and cut your taxes &amp; regulations. Biden would wipe out your factories, ship your jobs to China, raise your taxes, &amp; eliminate private healthcare!https://t.co/IjvKseSiTI"
1322642970340777984,2020-10-31 20:53:52,51354,9632,"Thank you Reading, Pennsylvania!
https://t.co/ywpNmRgxqz"
1322616235423539200,2020-10-31 19:07:38,165535,36755,"Biden &amp; Obama owe a massive apology to the People of Flint. The water was poisoned on their watch. Not only did they fail them, Biden proudly accepted the endorsement of disastrous Gov Rick Snyder! Unlike Biden, I will always stand with the People of the Great State of MICHIGAN!"
1322613905001226240,2020-10-31 18:58:22,50328,12142,Biden’s plan to Abolish American Energy is an economic DEATH SENTENCE for Pennsylvania. A vote for Biden is a vote to BAN FRACKING &amp; send PA into a nightmare of poverty &amp; depression. Gas prices would explode &amp; family incomes would plummet—I will always defend &amp; promote PA energy! https://t.co/tdYqMVWQGM
1322609833405763584,2020-10-31 18:42:11,57311,12206,"Our ECONOMY is now surging back faster, better, bigger and stronger than any nation on earth. We just had the best quarter of ECONOMIC GROWTH EVER recorded - a 33.1% increase, and next year will be the GREATEST ECONOMIC YEAR in the history of our Country! https://t.co/gsFSghkmdM https://t.co/Kbyl4zVUWM"
1322608756421787648,2020-10-31 18:37:55,98858,23608,I ran for office 4 years ago because I could not sit by &amp; watch any longer as a small group of Washington Insiders continued to get rich bleeding America Dry. No one embodies this betrayal &amp; treachery more than Joe Biden. Joe profited from the misery he unleashed on PA workers! https://t.co/2A9Ma5gCQX
1322608491438157825,2020-10-31 18:36:51,56161,12319,Pennsylvania is where the story of American Independence began – it is the state where the American Constitution was signed – and 3 days from now this is the state that will SAVE THE AMERICAN DREAM! A great RED WAVE is forming! https://t.co/gsFSghkmdM https://t.co/PussYXD40e
1322608307484434432,2020-10-31 18:36:08,45298,8685,"Thank you Newtown, Pennsylvania! #MAGA 
https://t.co/0y7W5oRMom"
1322571837600108544,2020-10-31 16:11:12,144964,19306,Will be making a special speech in Pennsylvania at 12:30 P.M. Eastern!
1322568272483475457,2020-10-31 15:57:02,230338,45453,"Last night, our Country’s brave warriors rescued an American hostage in Nigeria. Our Nation salutes the courageous soldiers behind the daring nighttime rescue operation and celebrates the safe return of yet another American citizen!"
1322559460821270529,2020-10-31 15:22:02,113267,22074,"Gallup: 56% of the U.S. is more satisfied with conditions now, even during a pandemic (we are rounding the turn!), than they were 4 years ago under Obama/Biden. Hasn’t been equaled in recent times!"
1322559026110976000,2020-10-31 15:20:18,84392,17922,THANK YOU! #MAGA https://t.co/EEmSU6uPAy
1322556129369468928,2020-10-31 15:08:47,27714,6029,".@Victoria_Spartz will be a terrific Congresswoman for Indiana. Working with me, she will Create Jobs, Lower Taxes, Deliver for our Farmers, and Protect and Defend your Second Amendment. Victoria has my Complete and Total Endorsement! #IN05 https://t.co/ka2L9jBKyq"
1322556105558380545,2020-10-31 15:08:42,27873,6535,We need Esther Joy King (@Esther4Congress) in Congress for Illinois! She is a Strong Supporter of our #MAGA agenda and she’s running against a Total Fraud who the Democrats are now rushing to save. Esther has my Complete and Total Endorsement! #IL17 https://t.co/4A5uBGYmBf
1322556087946506241,2020-10-31 15:08:37,25468,5702,".@JakeLaTurner will be a phenomenal Congressman for the people of Kansas! He will help us Lower your Taxes, Support our Brave Law Enforcement, Build the Wall, and Protect and Defend your Second Amendment. Jake has my Complete and Total Endorsement! #KS02 https://t.co/Nzpbh7DqUN"
1322556070645039111,2020-10-31 15:08:33,23925,5330,"Steve Negron (@SteveNegronNH) will be a tireless advocate in Congress for the State of New Hampshire! An Air Force Veteran, he is Strong on the Economy, our Brave Law Enforcement and your Second Amendment. Steve has my Complete and Total Endorsement! #NH02 https://t.co/9Zq8LQXZkn"
1322556052408168449,2020-10-31 15:08:29,23893,5421,".@FrankPallottaNJ will be a great Congressman for the terrific people of New Jersey! He is Strong on the Economy &amp; Jobs, Low Taxes, the Military, our Brave Law Enforcement, and your Second Amendment. Frank has my Complete and Total Endorsement! #NJ05 https://t.co/ICVP3Nc6Cs"
1322556034808913921,2020-10-31 15:08:25,35586,7630,".@CheleFarley will be an incredible Congresswoman for the Great State of New York! An engineer and businesswoman, she is Strong on the Economy, Infrastructure, Law &amp; Order, and your Second Amendment. Chele has my Complete and Total Endorsement! #NY18 https://t.co/4NwXoQuozj"
1322556017301807104,2020-10-31 15:08:21,22500,4944,".@CliffBentz will be a great Congressman for the people of Oregon! A Successful Rancher, he is Strong on Jobs &amp; the Economy, Trade, Law &amp; Order, our Military &amp; Vets, and your Second Amendment. Cliff has my Complete and Total Endorsement! #OR02 https://t.co/8779E6IPzx"
1322555996451999747,2020-10-31 15:08:16,25922,5999,"Sheriff Troy Nehls (@SheriffTNehls) will be an incredible Congressman for the State of Texas! An Army Veteran, he Strongly Supports Law &amp; Order, the Wall, our Military &amp; Vets, and your Second Amendment. Troy has my Complete and Total Endorsement! #TX22 https://t.co/yMWFwACCVL"
1322555970686345216,2020-10-31 15:08:09,24153,5348,"We need Genevieve Collins (@GCForCongress) in Congress for Texas! She is Strong on Jobs &amp; the Economy, National Security and Education, and she will always Defend your Second Amendment. Genevieve has my Complete and Total Endorsement! #TX32 https://t.co/7YwS3ZwTQe"
1322555949123465216,2020-10-31 15:08:04,25852,5547,"Big Jim Justice (@JimJusticeWV) is a GREAT Governor of West Virginia! An experienced businessman, he Creates Jobs, Stands with Life, Defends the Second Amendment, and Loves our Coal Miners. Big Jim has my Complete and Total Endorsement! #WVGOV https://t.co/Qrtvs1crqm"
1322555926570704896,2020-10-31 15:07:59,23409,5162,".@DerrickVanOrden will be a terrific Congressman for Wisconsin! A former Navy SEAL, he will stand for Law &amp; Order, Jobs, the Wall, and he will always Protect Life and the Second Amendment. Derrick has my Complete and Total Endorsement! #WI03 https://t.co/wFd72N7LI9"
1322555905641099264,2020-10-31 15:07:54,21328,4640,"Blake Moore (@ElectBlakeMoore) will be a Great Congressman for Utah! He is Strong on Jobs &amp; the Economy, Healthcare, our Military &amp; Vets, and your Second Amendment. Blake has my Complete and Total Endorsement! #UT01 https://t.co/tj4Bx1rUuA"
1322555884988297219,2020-10-31 15:07:49,44192,8835,"Dr. Mariannette Miller-Meeks (@MillerMeeks) will do a great job in Congress for Iowa! A Doctor and Veteran, she will Deliver Great Health Care, Defend Life, and Protect your Second Amendment. Mariannette has my Complete and Total Endorsement! #IA02"
1322555817934036992,2020-10-31 15:07:33,21128,4607,"Scott Franklin (@ScottFranklinFL) will be an incredible Congressman for the State of Florida! A Navy Veteran, he will help us Lower your Taxes, Strengthen our Military and Defend your Second Amendment. Scott has my Complete and Total Endorsement! #FL15 https://t.co/RdZ1JPdJc6"
1322555795272167424,2020-10-31 15:07:28,22072,5051,"Lisa McClain (@LisaForCongress) will be an incredible Congresswoman for Michigan! She is Strong on the Economy &amp; Jobs, Border Security, Infrastructure, our Military &amp; Vets, and the Second Amendment. Lisa has my Complete and Total Endorsement! #MI10 https://t.co/r2NokBwGfW"
1322555728750551040,2020-10-31 15:07:12,21562,4712,"Congressman (@JDanBishop) is doing a terrific job for North Carolina! In Congress, Dan fights to Create Jobs, Strengthen our Military, and Defend your Second Amendment. Dan has my Complete and Total Endorsement! #NC09 https://t.co/hj7CYPcFFL"
1322555703626588161,2020-10-31 15:07:06,25320,5591,"Vote for @NancyMace! Her opponent, Joe Cunningham, is a puppet for Nancy Pelosi and the Radical Left! #SC01 https://t.co/XCtZNrbrT6"
1322555663667458050,2020-10-31 15:06:56,26530,5630,"Jim O’Neill (@JimONeillNC) will be a fantastic Attorney General for North Carolina! Strong on Law &amp; Order, the Constitution, and the Second Amendment, Jim has my Complete and Total Endorsement! https://t.co/Oekn8B8l46"
1322551279017742337,2020-10-31 14:49:31,52114,12619,"https://t.co/gsFSghkmdM
#ElectionDay #MAGA🇺🇸 https://t.co/j5F8vNZYPI"
1322534172339150853,2020-10-31 13:41:32,220212,33458,Big win for our very elite U.S. Special Forces today. Details to follow!
1322533839374352385,2020-10-31 13:40:13,103723,21614,Biden and the Radical Left are asking for the largest tax hike in the history of the U.S. Remember that when you VOTE!
1322518594056572929,2020-10-31 12:39:38,129144,22260,"Joe Biden will PACK THE COURT. Also, he never gave the answer who his Radical Left Justices will be!"
1322517229930483712,2020-10-31 12:34:13,120478,23485,"I paid many millions of dollars in Taxes to the Federal Government, most of which was even paid early, or PREPAID. MANY $MILLIONS. The Failing @nytimes never likes reporting that!"
1322514994320297986,2020-10-31 12:25:20,113373,23563,"“President Obama meant a lot to Black people, but he didn’t do a thing for Black people”. Vernon Jones, Georgia State Represenative, Trump supporter. @ffweekend"
1322413640021147648,2020-10-31 05:42:35,115904,22352,"Suburban Women are trending strongly to our campaign because they want SAFETY, SECURITY, and love the fact that I terminated the REGULATION that would destroy their neighborhood and with it, the American Dream. Biden would bring the REGULATION back in a MUCH stronger form!!!"
1322408169147170816,2020-10-31 05:20:51,105459,23124,"“A Biden win would mean the end of Fracking in Pennsylvania, Texas, and everywhere else. Millions of jobs would be lost, and Energy prices would soar.” @OANN  And we would no longer be Energy Independent!!!"
1322397726705897473,2020-10-31 04:39:21,321523,43594,MAKE AMERICA GREAT AGAIN!
1322385639317360640,2020-10-31 03:51:19,66215,17121,https://t.co/BlvIw1qaYu
1322385341437911041,2020-10-31 03:50:08,55896,13714,https://t.co/jeGtpWi5mx
1322334932060942336,2020-10-31 00:29:50,71804,19474,"There is only one way to defend your dignity. There is only one way to defend your family and your Country. There is only one way to preserve, protect and defend the American Way of Life: you must show up and vote on November 3rd! https://t.co/gsFSgh2KPc https://t.co/14MbcBz2oH"
1322334801374834688,2020-10-31 00:29:19,88342,21711,"Joe Biden is a corrupt politician who has done nothing but betray you for 47 long years - selling out to lobbyists, China, big pharma &amp; foreign countries. He will stab you in the back. He only cares about political power &amp; he will use that power to hurt you &amp; enrich his cronies! https://t.co/8B9kZ5sdEJ"
1322333352205021184,2020-10-31 00:23:33,72696,15693,"...Biden’s deadly migration policies will overwhelm taxpayers and open the floodgates to terrorists, jihadists, and violent extremists. Under my Administration, the safety of our families will always come FIRST!"
1322333348333674496,2020-10-31 00:23:32,113413,30328,"Biden has pledged a staggering 700% increase in refugees from the most dangerous and violent terrorist hot spots on earth. He has also vowed to terminate our national security travel bans, allowing for unlimited migration from war zones, and terrorist havens..."
1322328752282501121,2020-10-31 00:05:16,51008,11444,https://t.co/aHEqP4fmIf
1322328686348042242,2020-10-31 00:05:01,60530,15516,https://t.co/B8m4mhNvct
1322328509923028995,2020-10-31 00:04:19,117275,30430,"Your far-left Dem Attorney General, and your Dem Governor tried to shut down our rally, silence the people of Minnesota, and take away your freedom of assembly. They thought we would cancel – but I said NO WAY, I will NEVER abandon the people of Minnesota! https://t.co/wF1uolGlf6"
1322325248927150082,2020-10-30 23:51:21,149000,31790,"President Obama used to say that “if you wanted to see something really screwed up, give it to Joe Biden to do.” In fact, he tried to keep Joe from running, “you don’t have to do this Joe”, and then wouldn’t endorse him until long after the Primaries ended. “Joe is lost!”."
1322323068979564544,2020-10-30 23:42:41,76394,14848,"THANK YOU MINNESOTA!
https://t.co/OMIAwVQcY7"
1322297825334497280,2020-10-30 22:02:23,65769,20163,"Joe Biden will lock down our entire Country. Biden will make you a prisoner in your own home, and a prisoner in your own Country. Biden’s plan will kill the American Dream—Get your friends, get your family, get your neighbors and GET OUT AND VOTE! #MAGA https://t.co/fH8Iq6i8d3"
1322295405313323009,2020-10-30 21:52:46,68328,13925,"I’ve done more in 47 months than Joe Biden has done in 47 years! A vote for Republicans is a vote for the American Dream, and the party of Abraham Lincoln! #MAGA https://t.co/gsFSgh2KPc"
1322294301183782912,2020-10-30 21:48:23,328737,49665,"The Election should end on November 3rd., not weeks later!"
1322294145726078976,2020-10-30 21:47:46,48837,11053,"This election is a choice between a Trump Super Boom or a Biden Depression, and it’s between a safe vaccine or a devastating Biden lockdown! https://t.co/FkOHz0XUS2 https://t.co/IEPULUXAXe"
1322293755328618497,2020-10-30 21:46:12,48512,11604,"One of the most important issues is LAW &amp; ORDER. Biden stands with the rioters &amp; looters - I stand with the HEROES of law enforcement. If Biden wins, the rioters in the streets will be running your federal government. No city, no family, and no community will be safe. VOTE #MAGA! https://t.co/fjokM0yWiG"
1322291234753310720,2020-10-30 21:36:12,66904,12965,https://t.co/wl1codKkZ3
1322290936542494720,2020-10-30 21:35:00,37950,7529,https://t.co/ewR0TUgCtX
1322290888157007872,2020-10-30 21:34:49,47071,9680,This election is the most important election of our lifetime! Get out and VOTE to #MAGA! https://t.co/jM4hTHUYDF
1322289024661409793,2020-10-30 21:27:25,52080,9409,"THANK YOU WISCONSIN!
https://t.co/9l46T76kwu"
1322259430419783680,2020-10-30 19:29:49,37118,8346,"Volunteer to be a Trump Election Poll Watcher. Sign up today! 

#MAGA #Election2020 
https://t.co/3AnrRUPTtZ"
1322255990276775937,2020-10-30 19:16:09,39456,8536,"Your VOTE will continue HISTORIC job growth and make sure America keeps WINNING. Arizona, Georgia, Nevada, Texas - Get out and VOTE today! Find your Early Voting Location below. https://t.co/135RZzXIeI"
1322255135947386881,2020-10-30 19:12:45,71145,19055,"We did not come this far, and fight this hard, only to surrender our Country back to the Washington Swamp—So get your friends, get your family, get your neighbors &amp; GET OUT &amp; VOTE! On November 3rd we must finish the job and Drain the Swamp once and for all.https://t.co/1HSPRkWMTg"
1322254453156712448,2020-10-30 19:10:02,62039,14669,"Joe Biden is a corrupt politician—the Biden family is looking more &amp; more like a crime family. They took millions of $$ from the Chinese Communists, while Vice President Biden shipped Michigan jobs to China. If Biden wins, China Wins. When we win, Michigan wins, and AMERICA wins! https://t.co/YpnjH8838X"
1322253501573984256,2020-10-30 19:06:15,40299,9367,"This election will decide whether we restore the rule of a corrupt political class – or whether we declare that in America, we are still governed by THE PEOPLE! Get out and VOTE!
https://t.co/gsFSgh2KPc"
1322253206185897984,2020-10-30 19:05:05,107902,17413,Biden’s speech is 90% made up stories and lies. Only broadcast on @FoxNews.
1322252823136890881,2020-10-30 19:03:33,46398,9837,"...Disasters. At every turn, Biden twisted his knife into the back of Michigan workers. In 2016, Michigan voted to FIRE this corrupt political establishment and you elected an outsider as President who is finally putting AMERICA FIRST!

#VOTE #MAGA"
1322252819299135488,2020-10-30 19:03:33,45392,9609,...a cheerleader for NAFTA – sending your auto Jobs to Mexico. He voted for China’s entry into the World Trade Organization – gutting your industries to finance China’s rise. HALF of all Michigan auto manufacturing jobs were ELIMINATED after the Biden-Backed NAFTA and China...
1322252815561973760,2020-10-30 19:03:32,90276,21974,"Joe Biden spent the last 47 years outsourcing your jobs, opening your borders, and sacrificing American blood and treasure in endless foreign wars. He is a diehard globalist who cares nothing for working people. He repeatedly tried to cut Medicare &amp; Social Security. Biden was..."
1322251780504219648,2020-10-30 18:59:25,31198,6353,https://t.co/ucTqlNXNJ8
1322251577906798592,2020-10-30 18:58:37,38868,8777,"Joe Biden has vowed to abolish the entire U.S. Energy Industry — no fracking, no energy, and high gas prices. While I am President, America will proudly remain ENERGY INDEPENDENT! https://t.co/pN1VF0zaB5"
1322250940267683841,2020-10-30 18:56:05,155900,27270,Biden wants the biggest Tax Increase in the history of our Country!
1322250495516311552,2020-10-30 18:54:19,33312,9656,https://t.co/BlMv2KsM7W
1322250257086865409,2020-10-30 18:53:22,48525,9056,THANK YOU MICHIGAN! https://t.co/eTip7kTQXJ
1322223545221410816,2020-10-30 17:07:13,77442,13270,"On my way to MICHIGAN, WISCONSIN, and MINNESOTA! https://t.co/7eEpmAJKCO"
1322219904859213824,2020-10-30 16:52:45,51174,11483,Biden would lock us down forever. We are rounding the corner! https://t.co/zvSfKUo1gd
1322218940710359040,2020-10-30 16:48:55,177216,24820,Happy Birthday to our wonderful Ivanka. Now go back to work! November 3rd. https://t.co/mQF1xHV3Qh
1322218470231040000,2020-10-30 16:47:03,66385,10467,"Such a Great Honor! Thank you, Brett! https://t.co/AocgUSqOTU"
1322218164361388037,2020-10-30 16:45:50,46020,7854,Great Red Wave! https://t.co/0HvMzsNwuZ
1322209184855728128,2020-10-30 16:10:09,39338,8386,https://t.co/qJUxmsEPv8
1322209181353439232,2020-10-30 16:10:08,30792,6396,https://t.co/KhfjwtX2JT
1322209177268154375,2020-10-30 16:10:07,66593,12437,https://t.co/voxNnIYMpe
1322204026407145477,2020-10-30 15:49:39,58469,14394,This decision is CRAZY and so bad for our Country. Can you imagine what will happen during that nine day period. The Election should END on November 3rd. https://t.co/Hkftv9Jp56
1322170415700152320,2020-10-30 13:36:06,123713,26444,"I would NEVER have taken the endorsement of the man who, through gross incompetence, poisoned the people of Flint, Michigan. Former RINO Governor Rick Snyder should be ashamed of himself and his service. I was asked to help fix it. Biden took his endorsement. VOTE TRUMP!!!"
1322166136843194369,2020-10-30 13:19:06,209126,30989,SECOND AMENDMENT!
1322165745925672961,2020-10-30 13:17:33,158527,20504,SUPREME COURT!
1322162832687988737,2020-10-30 13:05:58,199402,35150,"33.1% GDP - BEST IN USA HISTORY. IF I AM ELECTED, NEXT YEAR WILL BE OUR BEST EVER!"
1322160052254482435,2020-10-30 12:54:55,83742,22919,Rigged? https://t.co/KX5S0IrouV
1322151922468573186,2020-10-30 12:22:37,114228,23878,The @nytimes now admits that patients ill with Covid are getting better faster and at higher (much) percentages.
1322150249255895042,2020-10-30 12:15:58,123477,22102,More Testing equals more Cases. We have best testing. Deaths WAY DOWN. Hospitals have great additional capacity! Doing much better than Europe. Therapeutics working!
1322070135524495360,2020-10-30 06:57:37,84915,16835,"If Sleepy Joe Biden is actually elected President, the 4 Justices (plus1) that helped make such a ridiculous win possible would be relegated to sitting on not only a heavily PACKED COURT, but probably a REVOLVING COURT as well. At least the many new Justices will be Radical Left!"
1322065847893020672,2020-10-30 06:40:35,187626,31476,Biden will destroy the United States Supreme Court. Don’t let this happen!
1322065015575400448,2020-10-30 06:37:17,168689,37904,#BidenCrimeFamiily
1322064357350608897,2020-10-30 06:34:40,259667,35722,MAKE AMERICA GREAT AGAIN. VOTE!!!
1322063800993013761,2020-10-30 06:32:27,182653,25141,Watch the Great Red Wave!
1322063687885201408,2020-10-30 06:32:00,158949,19060,Way ahead in Texas!
1322063461334003712,2020-10-30 06:31:06,49983,9244,Sports Reporter Calls Jack Nicklaus‘ Endorsement of President Trump ‘Divisive‘ https://t.co/BDcWAL6wp0 via @BreitbartNews Who is Darren Rovell? Thank you Jack!!!
1322061324327804928,2020-10-30 06:22:37,42812,9838,Pollak: 11 Shining Successes of President Donald Trump‘s First Term https://t.co/VW5w4YtBQ5 via @BreitbartNews
1322059930082418688,2020-10-30 06:17:04,68865,13919,Philadelphia Firefighters Union Votes to Endorse Trump https://t.co/rI6mQUZMbE via @BreitbartNews
1322059055741997056,2020-10-30 06:13:36,41127,13671,"Keith Ellison Restricts Freedom of Assembly of Political Opponents https://t.co/WAPPsfQrWk via @BreitbartNews We were planning for as many as 25,000 people in Minnesota. Now the Governor, at the last moment, will only allow the first 250 people to attend. Riots plus Omar = WIN!"
1322014029708251139,2020-10-30 03:14:41,53831,13437,https://t.co/OfmL1fPSjZ
1322003624403390464,2020-10-30 02:33:20,55838,14171,https://t.co/9m7w0uurXy
1322003361642782721,2020-10-30 02:32:17,119286,27963,"For years you had a President who apologized for America—now you have a President who is standing up for America! Get your friends, get your family, get your neighbors and GET OUT &amp; VOTE! On 11/3 we must finish the job and Drain the Swamp once and for all! https://t.co/RZzSuwLUSP"
1321968614921175040,2020-10-30 00:14:13,70717,16596,https://t.co/gsFSghkmdM https://t.co/fg5US7VpUJ
1321966078638100480,2020-10-30 00:04:08,216955,48968,"The Fake News refuses to cover the fact that GDP went up 33.1% for the 3rd Quarter, the best number by far in our Country’s history!"
1321961340341121025,2020-10-29 23:45:19,149726,37703,"My Administration has suspended the entry of refugees from terror-compromised nations such as Syria, Somalia and Yemen. Biden’s plan surges refugees 700% into Minnesota, Michigan &amp; Pennsylvania—burdening schools &amp; hospitals while opening the floodgates to Radical Islamic Terror."
1321958690379821056,2020-10-29 23:34:47,102734,20350,"Failed RINO former Governor Rick Snyder of Michigan was a disaster with respect to the Flint Water CATASTROPHE, and a very bad Governor overall. He hurt so many people with his gross incompetence. He reminds me of Sleepy Joe!"
1321916841581666304,2020-10-29 20:48:29,159102,25572,"Forced to move our Rally tonight in Fayetteville, North Carolina, to Monday, due to high speed winds and bad weather. I love you North Carolina. Stay safe, see you on Monday!!!"
1321914488984018944,2020-10-29 20:39:08,107028,24524,"If I don’t sound like a typical Washington politician, it’s because I’m NOT a politician. If I don’t always play by the rules of the Washington Establishment, it’s because I was elected to fight for YOU, harder than anyone ever has before! https://t.co/gsFSgh2KPc https://t.co/kCtPkRWdY4"
1321906133980753920,2020-10-29 20:05:56,75404,18227,"For half a century, Joe Biden has been outsourcing your jobs, opening your borders, and sacrificing American blood and treasure in endless foreign wars. Joe Biden is a corrupt politician—If Biden Wins, China Wins. When We Win, Florida Wins—and America Wins! https://t.co/UdqQqmxvL7"
1321904365892894720,2020-10-29 19:58:55,69737,17572,"This election is a choice between the AMERICAN DREAM and a SOCIALIST NIGHTMARE. Our opponents want to turn America into Communist Cuba or Socialist Venezuela. As long as I am President, America will NEVER be a socialist Country! https://t.co/gsFSgh2KPc"
1321903973830254592,2020-10-29 19:57:21,48879,9766,https://t.co/OINMUQvdRo
1321903887259889665,2020-10-29 19:57:01,39076,8154,https://t.co/njpD3ekBOv
1321903377379287040,2020-10-29 19:54:59,59231,14394,"Your VOTE on Tuesday, November 3rd is going to SAVE OUR COUNTRY. We are going to defeat the Marxists, Socialists, Rioters, Flag-Burners, and Left-wing Extremists! Get out and VOTE! #MAGA https://t.co/gsFSgh2KPc"
1321902032102420481,2020-10-29 19:49:38,50058,13168,https://t.co/FUh5kox16R
1321901910933188608,2020-10-29 19:49:09,69256,14718,"I was thrilled to be back in my home state of FLORIDA! 5 days from now, we are going to win FLORIDA, and we are going to WIN 4 more years in the White House. Get out and VOTE! MAKE AMERICA GREAT AGAIN!! 
https://t.co/cbk66G7tlU"
1321899369034141696,2020-10-29 19:39:03,70610,13470,"THANK YOU TAMPA, FLORIDA!
https://t.co/1gXlNJCdHl"
1321865734583037953,2020-10-29 17:25:24,69823,17398,Thank you to Joe Scarborough (@JoeNBC) for seeing the light. Our Country is doing great! https://t.co/7vLxNScOjo
1321862566063140865,2020-10-29 17:12:49,153387,35161,"A 3 day extension for Pennsylvania is a disaster for our Nation, and for Pennsylvania itself. The Democrats are trying to steal this Election. We have to get out and VOTE in even larger numbers. The Great Red Wave is coming!!!"
1321860641846566912,2020-10-29 17:05:10,151358,25506,Weekly Jobless Claims just hit a 7 month low!
1321858573278695425,2020-10-29 16:56:57,51003,9668,"....He also worked at, of all places, @Google. They all have big liability!!!"
1321858569466114048,2020-10-29 16:56:56,85244,19401,"So it turns out that the wise guy promoted as “Anonymous” by the @nytimes, named Miles Taylor (who I never even heard of!), was only a little known “staffer” as opposed to a “Senior Administration Official”. He then scammed @CNN, lied to @andersoncooper, &amp; got a job there...."
1321856046974050305,2020-10-29 16:46:55,217073,41082,"Our hearts are with the people of France. America stands with our oldest Ally in this fight. These Radical Islamic terrorist attacks must stop immediately. No country, France or otherwise can long put up with it!"
1321850292829380610,2020-10-29 16:24:03,52323,11231,Thank you Mark! #MAGA https://t.co/ptqzlqb8ep
1321815932671582209,2020-10-29 14:07:31,93599,21057,THANK YOU! #MAGA https://t.co/24HVNRnBSX
1321812933135994881,2020-10-29 13:55:36,161348,37745,"GDP number just announced. Biggest and Best in the History of our Country, and not even close. Next year will be FANTASTIC!!! However, Sleepy Joe Biden and his proposed record setting tax increase, would kill it all. So glad this great GDP number came out before November 3rd."
1321807914223439872,2020-10-29 13:35:39,102643,18765,"Thank you to Dave Rubin, author of “Don’t Burn This Book”, just announced on @foxandfriends that he is voting for your favorite President, me. “I think Donald Trump has done a lot of good. When I see an American flag, I see Trump support.”"
1321796817651118088,2020-10-29 12:51:33,43730,10078,"Volunteer to be a Trump Election Poll Watcher. Sign up today! #MAGA
https://t.co/3AnrRV7uSz"
1321796173729013760,2020-10-29 12:49:00,73177,14959,https://t.co/gsFSghkmdM https://t.co/Mu6grSAmV9
1321794788425928705,2020-10-29 12:43:29,207013,48552,https://t.co/mnL4DgfHw5
1321665437164339203,2020-10-29 04:09:30,70542,17528,"Maria is badly needed in Washington. She is an outstanding person who truly loves her Country and her State. Her opponent, @DonnaShalala, is a political hack who is a puppet of Nancy Pelosi. She does nothing for Florida. Maria has my Complete &amp; Total Endorsement! https://t.co/4GumAgOA3J"
1321645125198491649,2020-10-29 02:48:47,55913,10534,https://t.co/gsFSgh2KPc
1321641928987873280,2020-10-29 02:36:05,187654,35819,"Jack, this is a Great Honor. Thank you! https://t.co/60WWISm5hs"
1321616229501558785,2020-10-29 00:53:58,107563,19156,https://t.co/gsFSgh2KPc https://t.co/j7Z5jC05wP
1321597905191329793,2020-10-28 23:41:09,72488,19503,https://t.co/4LTWLgbmsf
1321596126001197056,2020-10-28 23:34:05,247942,59608,"Why isn’t Biden corruption trending number one on Twitter? Biggest world story, and nowhere to be found. There is no”trend”, only negative stories that Twitter wants to put up. Disgraceful! Section 230"
1321595603734814720,2020-10-28 23:32:00,57826,14523,"A vote for Joe Biden is a vote for the biggest TAX HIKE in history, crushing regulations, slashing Medicare and Social Security, and abolishing American Energy. A vote for Biden is a vote for open borders, offshoring jobs, shredding the Second Amendment...https://t.co/lrveykMf4R"
1321594161108197376,2020-10-28 23:26:16,41141,8451,https://t.co/6Bww8zo4bk
1321594088676761601,2020-10-28 23:25:59,113335,26194,"If you vote for Biden, your kids will not be in school, there will be no graduations, no weddings, no Thanksgiving, no Christmas, and no Fourth of July! https://t.co/Pjyd8TGXME"
1321592957565202432,2020-10-28 23:21:29,58899,13894,"We will end surprise medical billing, require price transparency, lower drug prices even more, protect Social Security and Medicare, and we will ALWAYS protect patients with pre-existing conditions! https://t.co/0otWkqA1wC"
1321592371570569217,2020-10-28 23:19:10,76068,15879,"Thank you Goodyear, Arizona! Get out and VOTE — Together, we are going to MAKE AMERICA GREAT AGAIN! https://t.co/r7mVXvoFD2"
1321568126635368448,2020-10-28 21:42:49,61940,10931,....associated with this FRAUD on the American people!
1321568122017517568,2020-10-28 21:42:48,108558,25255,"Who is Miles Taylor? Said he was “anonymous”, but I don’t know him - never even heard of him. Just another @nytimes SCAM - he worked in conjunction with them. Also worked for Big Tech’s @Google. Now works for Fake News @CNN. They should fire, shame, and punish everybody...."
1321561761615544320,2020-10-28 21:17:32,62089,13844,"Thank you @RSBNetwork! #MAGA 
https://t.co/iHlBpNDgkQ"
1321559780373098496,2020-10-28 21:09:39,45168,8535,https://t.co/1BHWlr9tJx
1321559746415980544,2020-10-28 21:09:31,38041,7420,https://t.co/pcPu2cohJI
1321559619399868416,2020-10-28 21:09:01,99105,24620,"I’m NOT just running against Joe Biden—I’m running against the left-wing media, the Big Tech giants, and the wretched Washington Swamp. They have nothing but disdain for you and your values—get out and VOTE to #MAGA! https://t.co/ZYiv9biLvX"
1321558737597816832,2020-10-28 21:05:31,83708,20474,"Proud citizens like you helped build this Country—and together, we are taking back our Country. We are returning power to YOU, the American People! Get out and VOTE — so we can MAKE AMERICA GREAT AGAIN! https://t.co/rjQcHUoaoT"
1321554736122789888,2020-10-28 20:49:37,55918,10357,"THANK YOU ARIZONA! #MAGA 
https://t.co/QgUI58S4D3"
1321525645386547203,2020-10-28 18:54:01,342492,70820,"Why isn’t Twitter trending Biden corruption? It’s the biggest, and most credible, story anywhere in the world. Fake Trending!!!"
1321491143457042433,2020-10-28 16:36:55,250252,52697,Media and Big Tech are not covering Biden Corruption!
1321490288204935168,2020-10-28 16:33:31,185489,47529,"The USA doesn’t have Freedom of the Press, we have Suppression of the Story, or just plain Fake News. So much has been learned in the last two weeks about how corrupt our Media is, and now Big Tech, maybe even worse. Repeal Section 230!"
1321488787168354305,2020-10-28 16:27:33,72147,18340,https://t.co/YGAn4QULA4
1321472358830403585,2020-10-28 15:22:16,185393,55621,"It’s amazing. Twitter refuses to allow the any mention of the Biden corruption story which was carried so well on @TuckerCarlson last night. It’s the biggest story and Big Tech, together with the Lamestream Media, isn’t allowing a word to be said about it."
1321471910648049664,2020-10-28 15:20:29,43445,10337,"Volunteer to be a Trump Election Poll Watcher. Sign up today! #MAGA 
https://t.co/3AnrRUPTtZ"
1321464690896105472,2020-10-28 14:51:48,95471,18118,"Incredible evening, incredible people. Love Nebraska, and there were plenty of great people from Iowa there also! $28 Billion for Farmers!!! https://t.co/S7tn3krGdz"
1321430459050381313,2020-10-28 12:35:47,159940,32211,"Covid, Covid, Covid is the unified chant of the Fake News Lamestream Media. They will talk about nothing else until November 4th., when the Election will be (hopefully!) over. Then the talk will be how low the death rate is, plenty of hospital rooms, &amp; many tests of young people."
1321425415924113408,2020-10-28 12:15:44,61466,9614,Thank you Charles. She will be a great one! https://t.co/T2UbLXtMmZ
1321414554346160130,2020-10-28 11:32:35,142806,21329,"As a developer long ago, and continuing to this day, the politicians ran Chicago into the ground. I was able to make an appropriately great deal with the numerous lenders on a large and very beautiful tower. Doesn’t that make me a smart guy rather than a bad guy?"
1321314892150935552,2020-10-28 04:56:33,271318,52588,https://t.co/f1mqYvg6Fm
1321293551951630336,2020-10-28 03:31:45,187924,28982,"We are spending more in Florida, and we are winning big in Florida. Actually, we are winning big in many states as the Great Red Wave begins to form!"
1321286217032290304,2020-10-28 03:02:37,82406,21974,https://t.co/YGnjje9G4P
1321283957896302592,2020-10-28 02:53:38,80950,16102,https://t.co/gsFSgh2KPc https://t.co/IriTZzvGtY
1321283667700772865,2020-10-28 02:52:29,63960,12202,https://t.co/gsFSgh2KPc https://t.co/HoLVYSOU2I
1321277677269995520,2020-10-28 02:28:41,102363,22491,"THANK YOU NEBRASKA! Get your friends, get your family, get your neighbors &amp; co-workers &amp; GET OUT AND VOTE! We didn’t come this far and fight this hard to surrender our Country back to the Corrupt Washington Swamp. On 11/3 we must finish the job &amp; Drain the Swamp once and for all! https://t.co/G8Oqvi5YSa"
1321272582914543617,2020-10-28 02:08:26,48745,13819,https://t.co/rEThigvI5W
1321272539843182592,2020-10-28 02:08:16,47674,9619,https://t.co/FU5IncJ4VI
1321272513960144896,2020-10-28 02:08:10,79684,12435,"THANK YOU NEBRASKA! 
https://t.co/k9DWvZO10b"
1321244816089337857,2020-10-28 00:18:06,78132,10449,"On my way to Nebraska, after a great evening in Wisconsin with hardworking American Patriots! https://t.co/gsFSgh2KPc https://t.co/RKVwie1QT9"
1321241518422675457,2020-10-28 00:05:00,74026,12901,"Thank you WISCONSIN, get out and VOTE! Together, we are going to MAKE AMERICA GREAT AGAIN!! https://t.co/SGEsnCDbVH"
1321233661765693440,2020-10-27 23:33:46,208053,45975,"Joe Biden is a corrupt politician. He wants to send YOUR jobs to China, while his family rakes in millions from the Chinese Communist Party. If Biden wins, China will OWN the USA. When we win, YOU win, Wisconsin wins, and AMERICA wins! #VOTE"
1321233544346095616,2020-10-27 23:33:18,96270,19809,"Under my leadership, we achieved the most Secure Border in U.S. History! My opponent’s insane immigration plan completely eliminates U.S. borders by implementing nationwide catch-and-release. Joe Biden would make every community into a Sanctuary City for violent criminals. #VOTE"
1321231577867866112,2020-10-27 23:25:30,53859,15135,https://t.co/xgVRpP2Tjc
1321231434271592456,2020-10-27 23:24:55,41116,7944,https://t.co/Nd9RVXPp5p
1321230803083382784,2020-10-27 23:22:25,58907,12680,"WISCONSIN—If I don’t sound like a typical Washington politician, it’s because I’m NOT a politician. If I don’t always play by the rules of the Washington Establishment, it’s because I was elected to fight for YOU, harder than anyone ever has before! #MAGA https://t.co/MdAhKWqo9H"
1321229772777730049,2020-10-27 23:18:19,48343,8583,"THANK YOU WISCONSIN!
https://t.co/MYxQShL5nm"
1321208514480660482,2020-10-27 21:53:51,156673,21885,"Just landed in Wisconsin and passed this great sign, thank you! See everyone soon!! #MAGA https://t.co/l2G8JCXnqz"
1321200345377206273,2020-10-27 21:21:23,46031,10203,"Volunteer to be a Trump Election Poll Watcher. Sign up today! #MAGA 
https://t.co/3AnrRUPTtZ"
1321199597952192513,2020-10-27 21:18:25,82558,16363,https://t.co/gsFSgh2KPc https://t.co/gs5RMGGhDR
1321190624138121217,2020-10-27 20:42:45,44326,7748,https://t.co/fm20Bkw1NJ
1321190293174059008,2020-10-27 20:41:27,51900,12770,"This Election Day, you must stop the Anti-American Radicals by delivering Joe Biden and the Far-Left a thundering defeat at the ballot box! Get out and VOTE! On November 3rd we must finish the job and Drain the Swamp once and for all!! #MAGA https://t.co/w1EHpIapxt"
1321188667759550465,2020-10-27 20:34:59,36582,6866,https://t.co/sOxdRHa4el
1321188538596032513,2020-10-27 20:34:28,75810,13485,"Last night, we made history and confirmed Amy Coney Barrett to the United States Supreme Court! Justice Barrett will defend our rights, our liberties, and our God-Given FREEDOM! https://t.co/Wv6WVHovJG"
1321188083845402625,2020-10-27 20:32:40,77882,17813,This election is a choice between a TRUMP RECOVERY or a BIDEN DEPRESSION. It’s a choice between a TRUMP BOOM or a BIDEN LOCKDOWN. It’s a choice between our plan to Kill the virus – or Biden’s plan to kill the American Dream! https://t.co/DreEqXJMNu
1321187763723534339,2020-10-27 20:31:24,34205,9660,https://t.co/BC2h4oZhQp
1321186046407835648,2020-10-27 20:24:34,47886,8643,"THANK YOU MICHIGAN!
https://t.co/GlYrV2xDOO"
1321153609321443330,2020-10-27 18:15:40,175584,30374,"3 Points up in Michigan, 2 Points up in Wisconsin, 3 Points up in Pennsylvania. The Great Red Wave is forming, and getting ready to VOTE!"
1321151327448133633,2020-10-27 18:06:36,186482,27673,Joe Biden FAILED BADLY with the Swine Flu Epidemic. He knows nothing. All talk and no action!
1321145304331112449,2020-10-27 17:42:40,58270,11035,https://t.co/x8OS4NpvHh
1321145222584176641,2020-10-27 17:42:21,46491,13214,https://t.co/401tLM5v3f
1321144951430729728,2020-10-27 17:41:16,93705,20991,"In Lufkin, Texas — someone was stealing Trump signs, so an anonymous tree climber put up 30 of them throughout the community. Love it, thank you! #MAGA https://t.co/Ixx7iBxiYM"
1321126626298634240,2020-10-27 16:28:27,111121,20452,"Now @FoxNews is playing Obama’s no crowd, fake speech for Biden, a man he could barely endorse because he couldn’t believe he won. Also, I PREPAID many Millions of Dollars in Taxes."
1321121036142841856,2020-10-27 16:06:14,103320,17134,"Thank you Michigan—leaving the White House shortly, see you soon! https://t.co/I6VHSgKMSB"
1321113340928839681,2020-10-27 15:35:40,170643,34442,They (his handlers) ripped Sleepy Joe off the stage yesterday when he got lost in a “mental fog”. A disaster. Very little reporting on this!
1321111457434619906,2020-10-27 15:28:11,66284,11038,Thank you to the Boston Herald. A great honor! https://t.co/Wlzcgc9eDo
1321110707937648641,2020-10-27 15:25:12,80869,15800,"The biggest difference between now and 2016 is @FoxNews. They are a whole different deal. Despite this, our campaign is doing much better, with bigger crowds and even more (much!) enthusiasm, than we had in 2016. Big Debate &amp; SCOTUS Win! Real Polls have us winning everywhere!"
1321107640651550720,2020-10-27 15:13:01,186927,33829,Obama is drawing VERY small (tiny) numbers of people. Biden is drawing almost no one. We are drawing tens of thousands of people. You’ll see that again today. The Great Red Wave is coming!!!
1321103651000254464,2020-10-27 14:57:09,67795,13689,"Death rate of people going into hospitals is MUCH LOWER now than it was. @MSNBC  Wow, MSDNC has come a long way! The fact is that we have learned and done a lot about this Virus. Much different now than when it first arrived on our shores, and the World’s, from China!"
1321091050488909824,2020-10-27 14:07:05,90478,20321,Thank you very much to the great @WashTimes for the wonderful Endorsement of the job I have done as President. “His record of achievement in his first term is unmatched by any president in modern times. A second term is likely to bring more successes and a stronger America.”
1321087723281801216,2020-10-27 13:53:52,108290,21918,https://t.co/gsFSghkmdM https://t.co/ao85KjMeBW
1321086152586240003,2020-10-27 13:47:38,152659,19599,3% up in Pennsylvania!
1321083351000862725,2020-10-27 13:36:30,91454,19008,"Big GDP projected. Pelosi only looking to Bail Out badly run Democrat Cities. Tap, Tap, Taping us along. She has little interest in helping out the “people”."
1321078919924207617,2020-10-27 13:18:53,155742,28095,"Until November 4th., Fake News Media is going full on Covid, Covid, Covid. We are rounding the turn. 99.9%."
1321077468346933249,2020-10-27 13:13:07,130926,21302,"Three BIG Rallies today. Lansing, Michigan. West Salem, Wisconsin. Omaha, Nebraska. We are winning all over the place. See you later!!!"
1321074959666630656,2020-10-27 13:03:09,77831,14776,New York. Vote for Trump. What (the Hell!) do you have to lose? https://t.co/XqURHZxCxP
1321073917793046528,2020-10-27 12:59:01,38352,7661,To beautiful Staten Island and Brooklyn. Nicole has my Complete and Total Endorsement. VOTE! https://t.co/HKxs7Pavgj
1321071947690725377,2020-10-27 12:51:11,54168,11171,Thank you to the most incredible people on earth. I stand with you 100%. Get that great Officer back to work! https://t.co/nMH3MlBCqU
1321070015500722177,2020-10-27 12:43:30,33530,6643,Claudia Tenney is GREAT. Loves New York &amp; USA. She has my Full &amp; Complete Endorsement! VOTE https://t.co/30sGVdMDLu
1321069161917915140,2020-10-27 12:40:07,30316,6378,"Rose is a disaster for New York. Not listened to, or respected, in Washington. A puppet for Pelosi! https://t.co/lvs7UnC2bI"
